Make,Model
Maruti,Maruti Swift
Maruti,Maruti Alto
Maruti,Maruti Swift Dzire
Maruti,Maruti Baleno
Maruti,Maruti Ciaz
Maruti,Maruti Ertiga
Maruti,Maruti Ritz
Maruti,Maruti Wagon R
Maruti,Maruti Alto K10
Maruti,Maruti 800
Maruti,Maruti Alto 800
Maruti,Maruti Ignis
Maruti,Maruti Celerio
Maruti,Maruti Eeco
Maruti,Maruti Vitara Brezza
Maruti,Maruti Zen
Maruti,Maruti A-Star
Maruti,Maruti Omni
Maruti,Maruti SX4
Maruti,Maruti Zen Estilo
Maruti,Maruti Esteem
Maruti,Maruti Gypsy
Maruti,Maruti SX4 S Cross
Maruti,Maruti Versa
Maruti,Maruti S-Presso
Hyundai,Hyundai EON
Hyundai,Hyundai i20
Hyundai,Hyundai Verna
Hyundai,Hyundai i10
Hyundai,Hyundai Grand i10
Hyundai,Hyundai Santro Xing
Hyundai,Hyundai Creta
Hyundai,Hyundai Santro
Hyundai,Hyundai Elantra
Hyundai,Hyundai i20 Active
Hyundai,Hyundai Accent
Hyundai,Hyundai Getz
Honda,Honda City
Honda,Honda Jazz
Honda,Honda Amaze
Honda,Honda Accord
Honda,Honda BR-V
Honda,Honda Brio
Honda,Honda Civic
Honda,Honda WR-V
Tata,Tata Nexon
Tata,Tata Indica
Tata,Tata Tiago
Tata,Tata Indigo
Tata,Tata Nano
Tata,Tata Indica Vista
Tata,Tata Manza
Tata,Tata Sumo
Tata,Tata Sumo Victa
Tata,Tata Hexa
Tata,Tata Indigo
Tata,Tata New Safari
Tata,Tata Safari Storme
Tata,Tata Altroz
Tata,Tata Nexon EV
Ford,Ford Figo
Ford,Ford Fiesta
Ford,Ford Ikon
Ford,Ford Figo Aspire
Ford,Ford Endeavour
Ford,Ford Freestyle
Mahindra,Mahindra Scorpio
Mahindra,Mahindra Thar
Mahindra,Mahindra XUV500
Mahindra,Mahindra Bolero
Mahindra,Mahindra KUV 100
Mahindra,Mahindra TUV 300
Mahindra,Mahindra Marazzo
Mahindra,Mahindra Xylo
Toyota,Toyota Innova
Toyota,Toyota Fortuner
Toyota,Toyota Etios
Toyota,Toyota Etios Liva
Toyota,Toyota Innova Crysta
Toyota,Toyota Corolla Altis
Toyota,Toyota Etios Cross
Toyota,Toyota Qualis
Chevrolet,Chevrolet Beat
Chevrolet,Chevrolet Aveo
Chevrolet,Chevrolet Cruze
Chevrolet,Chevrolet Aveo U-VA
Chevrolet,Chevrolet Tavera
Chevrolet,Chevrolet Enjoy
Chevrolet,Chevrolet Optra
Volkswagen,Volkswagen Polo
Volkswagen,Volkswagen Vento
Volkswagen,Volkswagen Ameo
Volkswagen,Volkswagen Jetta
Renault,Renault Duster
Renault,Renault KWID
Renault,Renault Lodgy
Skoda,Skoda Octavia
Skoda,Skoda Rapid
Skoda,Skoda Fabia
Nissan,Nissan Sunny
Nissan,Nissan Micra
Nissan,Nissan Micra Active
Nissan,Nissan Terrano
Nissan,Nissan Magnite
Mercedes-Benz,Mercedes-Benz E-Class
Mercedes-Benz,Mercedes-Benz New C-Class
Mercedes-Benz,Mercedes-Benz GLA Class
Mercedes-Benz,Mercedes-Benz GLS
Mercedes-Benz,Mercedes-Benz GLC
BMW,BMW 3 Series
BMW,BMW X5
Fiat,Fiat Linea
Opel,OpelCorsa
Land Rover,Land Rover Freelander 2
Land Rover,Land Rover Range Rover Sport
Jaguar,Jaguar XE
Jaguar,Jaguar XF
Datsun,Datsun GO Plus
Audi,Audi A4
Bentley,Bentley Continental
Mitsubishi,Mitsubishi Lancer
Lamborghini,Lamborghini Gallardo
Porsche,Porsche 911
Mahindra Renault,Mahindra Renault Logan
Force,Force Gurkha
Jeep,Jeep Compass
